run_id,problem_id,dataset,phase,model,question,true_answer,predicted_answer_raw,is_correct,decision_method,coherence_avg,total_tokens,cost_usd,elapsed_seconds,error,thesis_text,synthesis_text,has_error,prompt_tokens,completion_tokens,error_category
s2_06_mamv_20251126_162805,gsm8k_0006,gsm8k,tas_mamv,deepseek-chat,"Don throws 3 darts.  One is a bullseye worth 50 points.  One completely missed the target, so received no points. The third was worth half the points of the bullseye.  What is the final score from these 3 throws?",75.0,,False,,0.0,0,0.0,0.0,[Errno 111] Connection refused,,,,,,
s2_06_mamv_20251126_162805,gsm8k_0007,gsm8k,tas_mamv,deepseek-chat,"TreQuan is throwing rocks in the river and he notices that the bigger the rock, the wider the splash. Pebbles make a splash that is a 1/4 meter wide. Rocks make a splash that is 1/2 a meter wide, and boulders create a splash that is 2 meters wide. If he tosses 6 pebbles, 3 rocks, and 2 boulders, what is the total width of the splashes he makes?",7.0,,False,,0.0,0,0.0,0.0,Failed to reach API at http://127.0.0.1:8613/api/,,,,,,
s2_06_mamv_20251126_162805,gsm8k_0008,gsm8k,tas_mamv,deepseek-chat,"Pauly is making omelets for his family. There are three dozen eggs, and he plans to use them all. Each omelet requires 4 eggs. Including himself, there are 3 people. How many omelets does each person get?",3.0,,False,,0.0,0,0.0,0.0,Failed to reach API at http://127.0.0.1:8613/api/,,,,,,
s2_06_mamv_20251126_162805,gsm8k_0009,gsm8k,tas_mamv,deepseek-chat,"Thomas made 4 stacks of wooden blocks. The first stack was 7 blocks tall. The second stack was 3 blocks taller than the first. The third stack was 6 blocks shorter than the second stack, and the fourth stack was 10 blocks taller than the third stack. If the fifth stack has twice as many blocks as the second stack, how many blocks did Thomas use in all?",55.0,,False,,0.0,0,0.0,0.0,Failed to reach API at http://127.0.0.1:8613/api/,,,,,,
s2_06_mamv_20251126_162805,gsm8k_0010,gsm8k,tas_mamv,deepseek-chat,Trace has five shopping bags that weigh the same amount as Gordon’s two shopping bags. One of Gordon’s shopping bags weighs three pounds and the other weighs seven. Trace’s shopping bags all weigh the same amount. How many pounds does one of Trace’s bags weigh?,2.0,,False,,0.0,0,0.0,0.0,Failed to reach API at http://127.0.0.1:8613/api/,,,,,,
s2_06_mamv_20251126_162805,gsm8k_0011,gsm8k,tas_mamv,deepseek-chat,A library has a number of books. 35% of them are intended for children and 104 of them are for adults. How many books are in the library?,160.0,,False,,0.0,0,0.0,0.0,Failed to reach API at http://127.0.0.1:8613/api/,,,,,,
s2_06_mamv_20251126_162805,gsm8k_0012,gsm8k,tas_mamv,deepseek-chat,"Nicky is trading baseball cards with Jill. If Nicky trades two cards worth $8 each for 1 card worth $21, how many dollars of profit does he make?",5.0,,False,,0.0,0,0.0,0.0,Failed to reach API at http://127.0.0.1:8613/api/,,,,,,
s2_06_mamv_20251126_162805,gsm8k_0013,gsm8k,tas_mamv,deepseek-chat,"Patricia is making a highlight film about her basketball team. She recorded video of every player and plans to put it all together in a longer movie. She has 130 seconds of the point guard, 145 seconds of the shooting guard, 85 seconds of the small forward, 60 seconds of the power forward, and 180 seconds of the center. How on average, how many minutes does each player get?",2.0,,False,,0.0,0,0.0,0.0,Failed to reach API at http://127.0.0.1:8613/api/,,,,,,
s2_06_mamv_20251126_162805,gsm8k_0014,gsm8k,tas_mamv,deepseek-chat,"Julie, Letitia and Anton decided to have dinner together at a nearby restaurant.  Julie orders $10 worth of food, Letitia orders $20 worth of food, and Anton orders $30 worth of food.  How much should each pay in tips if they want to split a 20% tip for the whole meal evenly?",4.0,,False,,0.0,0,0.0,0.0,Failed to reach API at http://127.0.0.1:8613/api/,,,,,,
s2_06_mamv_20251126_162805,gsm8k_0015,gsm8k,tas_mamv,deepseek-chat,Niko has bought 9 pairs of socks that cost $2 each and plans to resell them. He wants to gain 25% profit from four of the pairs of socks and $0.2 profit each for the other 5 pairs of socks. How much will his total profit be?,3.0,,False,,0.0,0,0.0,0.0,Failed to reach API at http://127.0.0.1:8613/api/,,,,,,
s2_06_mamv_20251126_162805,gsm8k_0016,gsm8k,tas_mamv,deepseek-chat,"The number of short students in a class is 2/5 of the total number of students. If there are 90 tall students, and the class has 400 students, calculate the total number of students with average height.",150.0,,False,,0.0,0,0.0,0.0,Failed to reach API at http://127.0.0.1:8613/api/,,,,,,
s2_06_mamv_20251126_162805,gsm8k_0017,gsm8k,tas_mamv,deepseek-chat,James buys 20 coins of a cryptocurrency at $15 each.  The value of the coins increases by 2/3.  He sells coins to recoup his original investment.  How many coins did he sell?,12.0,,False,,0.0,0,0.0,0.0,Failed to reach API at http://127.0.0.1:8613/api/,,,,,,
s2_06_mamv_20251126_162805,gsm8k_0018,gsm8k,tas_mamv,deepseek-chat,"In the park, the first rose bush has 12 red flowers.  The second rose bush has 18 pink flowers.  The third rose bush has 20 yellow flowers.  The fourth rose bush has 8 orange flowers.  For her vase, Lorelei picks 50% of the red roses, 50% pink roses, 25% of the yellow roses, and 25% orange roses. How many roses are in her vase?",22.0,,False,,0.0,0,0.0,0.0,Failed to reach API at http://127.0.0.1:8613/api/,,,,,,
s2_06_mamv_20251126_162805,gsm8k_0019,gsm8k,tas_mamv,deepseek-chat,"Tonya has opened a lemonade stand selling lemonade in small, medium, and large cups at $1, $2 and $3 respectively. At the close of business she ended up making $50.  As she went back through her inventory she noticed that she sold $11 worth of small lemonades and $24 worth of medium lemonades. How many cups of large lemonade did Tonya sell?",5.0,,False,,0.0,0,0.0,0.0,Failed to reach API at http://127.0.0.1:8613/api/,,,,,,
s2_06_mamv_20251126_162805,gsm8k_0020,gsm8k,tas_mamv,deepseek-chat,"Leo's assignment was divided into three parts. He finished the first part of his assignment in 25 minutes. It took him twice as long to finish the second part. If he was able to finish his assignment in 2 hours, how many minutes did Leo finish the third part of the assignment?",45.0,,False,,0.0,0,0.0,0.0,Failed to reach API at http://127.0.0.1:8613/api/,,,,,,
s2_06_mamv_20251126_162805,gsm8k_0021,gsm8k,tas_mamv,deepseek-chat,Connor is taking his date to the movies.  The tickets cost $10.00 each.  They decided to get the large popcorn & 2 drink combo meal for $11.00 and each grab a box of candy for $2.50 each.  How much will Connor spend on his date?,36.0,,False,,0.0,0,0.0,0.0,Failed to reach API at http://127.0.0.1:8613/api/,,,,,,
s2_06_mamv_20251126_162805,gsm8k_0022,gsm8k,tas_mamv,deepseek-chat,Susie has 572 beans in the jar. One-fourth of them are red and one-third of the remaining beans are white. Then half of the remaining are green beans. How many green beans are there?,143.0,,False,,0.0,0,0.0,0.0,Failed to reach API at http://127.0.0.1:8613/api/,,,,,,
s2_06_mamv_20251126_162805,gsm8k_0023,gsm8k,tas_mamv,deepseek-chat,"Jim collects model cars, and he has 301 models total.  Jim has 4 times as many Buicks as Fords, and 3 more than twice the number of Fords than Chevys.  How many Buicks does Jim have?",220.0,,False,,0.0,0,0.0,0.0,Failed to reach API at http://127.0.0.1:8613/api/,,,,,,
s2_06_mamv_20251126_162805,gsm8k_0024,gsm8k,tas_mamv,deepseek-chat,"Peter has a plan to take his family on a vacation to Germany. He needs $5,000 to cover all the spending for the travel, and he has $2,900 in savings right now. If he can save up $700 each month, how many months does he need to wait to reach his goal?",3.0,,False,,0.0,0,0.0,0.0,Failed to reach API at http://127.0.0.1:8613/api/,,,,,,
s2_06_mamv_20251126_162805,gsm8k_0025,gsm8k,tas_mamv,deepseek-chat,"Wendy spent 25 years as an accountant and 15 years as an accounting manager. If Wendy lived to be 80 years old, what percentage of her life did she spend in an accounting-related job?",50.0,,False,,0.0,0,0.0,0.0,Failed to reach API at http://127.0.0.1:8613/api/,,,,,,
s2_06_mamv_20251126_162805,gsm8k_0026,gsm8k,tas_mamv,deepseek-chat,"Last year, Peter organized a Fun Run for his community project and 200 people signed up. Forty people did not show up to run. This year, there will be twice as many runners as last year. How many people will run this year?",320.0,,False,,0.0,0,0.0,0.0,Failed to reach API at http://127.0.0.1:8613/api/,,,,,,
s2_06_mamv_20251126_162805,gsm8k_0027,gsm8k,tas_mamv,deepseek-chat,"Dulce's father has eight orange trees on his farm. If each tree has 200 fruits and Dulce picks 2/5 of the oranges from each tree, calculate the total number of fruits remaining in all the trees.",960.0,,False,,0.0,0,0.0,0.0,Failed to reach API at http://127.0.0.1:8613/api/,,,,,,
s2_06_mamv_20251126_162805,gsm8k_0028,gsm8k,tas_mamv,deepseek-chat,Padma is trading cards with Robert. Padma started with 75 cards and traded 2 or her valuable ones for 10 of Robert's cards. Robert started with 88 of his own cards and traded another 8 of his cards for 15 of Padma's cards. How many cards were traded between both Padma and Robert?,35.0,,False,,0.0,0,0.0,0.0,Failed to reach API at http://127.0.0.1:8613/api/,,,,,,
s2_06_mamv_20251126_162805,gsm8k_0029,gsm8k,tas_mamv,deepseek-chat,"Jason is planning a parking garage that will have 12 floors. Every 3rd floor has a gate where drivers have to show ID, which takes two minutes. To get from one floor to the next, drivers have to drive 800 feet at 10 feet/second. How long, in seconds, does it take to get to the bottom of the garage from the top?",1440.0,,False,,0.0,0,0.0,0.0,Failed to reach API at http://127.0.0.1:8613/api/,,,,,,
s2_06_mamv_20251126_162805,gsm8k_0030,gsm8k,tas_mamv,deepseek-chat,"There are 920 deer in a park. 10% of the deer have 8 antlers, and a quarter of that number also have albino fur. How many albino 8-antlered deer are there?",23.0,,False,,0.0,0,0.0,0.0,Failed to reach API at http://127.0.0.1:8613/api/,,,,,,
s2_06_mamv_20251126_162805,gsm8k_0031,gsm8k,tas_mamv,deepseek-chat,"Allison went to the craft store with her friend Marie to buy some glue sticks and construction paper. Allison bought 8 more glue sticks than Marie, but Marie bought six times as many packs of construction paper as Allison. If Marie bought 15 glue sticks and 30 packs of construction paper how many craft supply items did Allison buy all together?",28.0,,False,,0.0,0,0.0,0.0,Failed to reach API at http://127.0.0.1:8613/api/,,,,,,
s2_06_mamv_20251126_162805,gsm8k_0032,gsm8k,tas_mamv,deepseek-chat,"James gets bored with his game so decides to play a different one.  That game promises 100 hours of gameplay but 80% of that is boring grinding.  However, the expansion does add another 30 hours of enjoyable gameplay.  How much enjoyable gameplay does James get?",50.0,,False,,0.0,0,0.0,0.0,Failed to reach API at http://127.0.0.1:8613/api/,,,,,,
s2_06_mamv_20251126_162805,gsm8k_0033,gsm8k,tas_mamv,deepseek-chat,"Monica and Michelle are combining their money to throw a party. Monica brings $15. Michelle brings $12. The cake costs 15 dollars, and soda is $3 a bottle. Each bottle of soda has 12 servings and they buy as many bottles of soda as they can afford. If there are 8 total guests, how many servings of soda does each get?",6.0,,False,,0.0,0,0.0,0.0,Failed to reach API at http://127.0.0.1:8613/api/,,,,,,
s2_06_mamv_20251126_162805,gsm8k_0034,gsm8k,tas_mamv,deepseek-chat,"Peter is buying a set of glasses. They cost $3 for small glasses and $5 for large ones. He has $50.  If he buys 8 small ones and leaves with $1 in change, how many large ones did he buy?",5.0,,False,,0.0,0,0.0,0.0,Failed to reach API at http://127.0.0.1:8613/api/,,,,,,
s2_06_mamv_20251126_162805,gsm8k_0035,gsm8k,tas_mamv,deepseek-chat,Mara has 40 crayons and 10 percent of her crayons are pink. Luna has 50 crayons and 20 percent of them are pink. In total how many pink crayons do Mara and Luna have?,14.0,,False,,0.0,0,0.0,0.0,Failed to reach API at http://127.0.0.1:8613/api/,,,,,,
s2_06_mamv_20251126_162805,gsm8k_0036,gsm8k,tas_mamv,deepseek-chat,"Jane is trying to decide whether to buy a house or a trailer. A house costs $480,000 and a trailer costs $120,000. Each loan will be paid in monthly installments over 20 years. How much more is the monthly payment on the house compared to the trailer?",1500.0,,False,,0.0,0,0.0,0.0,Failed to reach API at http://127.0.0.1:8613/api/,,,,,,
s2_06_mamv_20251126_162805,gsm8k_0037,gsm8k,tas_mamv,deepseek-chat,"Mia is buying Christmas gifts for her family. She has spent $30 on each of her 3 siblings, and the rest of her spending was for her parents. If Mia spent a total of $150 on Christmas gifts and each of her parents received gifts of equal value, how much money, in dollars, did she spend on each parent’s gift?",30.0,,False,,0.0,0,0.0,0.0,Failed to reach API at http://127.0.0.1:8613/api/,,,,,,
s2_06_mamv_20251126_162805,gsm8k_0038,gsm8k,tas_mamv,deepseek-chat,Clare's mother gave her $47 to go to the store. Clare bought 4 loaves of bread and 2 cartons of milk. Each loaf of bread cost $2 and each carton of milk cost $2. How much money does Clare have left?,35.0,,False,,0.0,0,0.0,0.0,Failed to reach API at http://127.0.0.1:8613/api/,,,,,,
s2_06_mamv_20251126_162805,gsm8k_0039,gsm8k,tas_mamv,deepseek-chat,Oshea bought 200 basil seeds. He wants to plant them in planters. He has 4 large planters that can hold 20 seeds each. He also has small planters that can hold 4 seeds each. How many small planters will he need to plant all the basil seeds?,30.0,,False,,0.0,0,0.0,0.0,Failed to reach API at http://127.0.0.1:8613/api/,,,,,,
s2_06_mamv_20251126_162805,gsm8k_0040,gsm8k,tas_mamv,deepseek-chat,"Eric sorted 150 colored pencils into 5 containers for his art class. Before class, another teacher brought him 30 more pencils. How many can he evenly distribute between the five containers now?",36.0,,False,,0.0,0,0.0,0.0,Failed to reach API at http://127.0.0.1:8613/api/,,,,,,
s2_06_mamv_20251126_162805,gsm8k_0041,gsm8k,tas_mamv,deepseek-chat,"Oleg is an event organizer. He is organizing an event with 80 guests where 40 of them are men, half the number of men are women, and the rest are children. If he added 10 children to the guest list, how many children will there be at the event?",30.0,,False,,0.0,0,0.0,0.0,Failed to reach API at http://127.0.0.1:8613/api/,,,,,,
s2_06_mamv_20251126_162805,gsm8k_0042,gsm8k,tas_mamv,deepseek-chat,Stella collects stamps. She counted 50 pages in her collector's album. There are 5 rows of 30 stamps in each of the first 10 pages of her album. The rest of the pages each have 50 stamps. How many stamps are in Stella's album?,3500.0,,False,,0.0,0,0.0,0.0,Failed to reach API at http://127.0.0.1:8613/api/,,,,,,
s2_06_mamv_20251126_162805,gsm8k_0043,gsm8k,tas_mamv,deepseek-chat,James gets a cable program.  The first 100 channels cost $100 and the next 100 channels cost half that much.  He splits it evenly with his roommate.  How much did he pay?,75.0,,False,,0.0,0,0.0,0.0,Failed to reach API at http://127.0.0.1:8613/api/,,,,,,
s2_06_mamv_20251126_162805,gsm8k_0044,gsm8k,tas_mamv,deepseek-chat,A desert garden’s sprinkler system runs twice a day during the cool morning and evening hours. It waters the garden with four liters of water in the morning and six liters in the evening. How many days does it take the sprinkler system to use 50 liters of water?,5.0,,False,,0.0,0,0.0,0.0,Failed to reach API at http://127.0.0.1:8613/api/,,,,,,
s2_06_mamv_20251126_162805,gsm8k_0045,gsm8k,tas_mamv,deepseek-chat,"Mr. Langsley commutes to work every day by bus. The bus picks him up at 6:00 a.m. and takes forty minutes to arrive at the first station. If Mr. Langsley arrives at work at 9:00 a.m., what's the total time taken in minutes from the first station to Mr. Langsley's workplace?",140.0,,False,,0.0,0,0.0,0.0,Failed to reach API at http://127.0.0.1:8613/api/,,,,,,
s2_06_mamv_20251126_162805,gsm8k_0046,gsm8k,tas_mamv,deepseek-chat,Janessa has a plan to give her brother Dexter his first collection of baseball cards. She currently has 4 cards in addition to the 13 that her father gave her.  She ordered a collection of 36 cards from eBay. After inspecting the cards she found 4 cards are in bad shape and decides to throw them away. Janessa ended up giving Dexter 29 cards. How many cards did Janessa keep for herself?,20.0,,False,,0.0,0,0.0,0.0,Failed to reach API at http://127.0.0.1:8613/api/,,,,,,
s2_06_mamv_20251126_162805,gsm8k_0047,gsm8k,tas_mamv,deepseek-chat,John buys 3 barbells and gives $850 and gets $40 in change.  How much did each barbell cost?,270.0,,False,,0.0,0,0.0,0.0,Failed to reach API at http://127.0.0.1:8613/api/,,,,,,
s2_06_mamv_20251126_162805,gsm8k_0048,gsm8k,tas_mamv,deepseek-chat,"Mike has earned a total of $160 in wages this week. He received the wages for his first job, then later received the wages from his second job where he works 12 hours a week. If his second job pays $9 per hour then how much money, in dollars, did Mike receive from his first job?",52.0,,False,,0.0,0,0.0,0.0,Failed to reach API at http://127.0.0.1:8613/api/,,,,,,
s2_06_mamv_20251126_162805,gsm8k_0049,gsm8k,tas_mamv,deepseek-chat,"Wilson decides to go sledding on some nearby hills. On the 2 tall hills, he sleds down them 4 times each and on the 3 small hills, he sled down them half as often as he sleds down the tall hills. How many times did he sled down the hills?",14.0,,False,,0.0,0,0.0,0.0,Failed to reach API at http://127.0.0.1:8613/api/,,,,,,
s2_06_mamv_20251126_235543,gsm8k_0029,gsm8k,tas_mamv,deepseek-chat,"Jason is planning a parking garage that will have 12 floors. Every 3rd floor has a gate where drivers have to show ID, which takes two minutes. To get from one floor to the next, drivers have to drive 800 feet at 10 feet/second. How long, in seconds, does it take to get to the bottom of the garage from the top?",1440.0,1360,False,majority_2_of_3,0.8540975252787272,24780,0.009019919999999999,382.20082807540894,,,,,,,
s2_tas_deepseek_k1_20251126_013817,gsm8k-4632,gsm8k,tas_k1,deepseek-chat,,4,,False,,,4484,,,,"Let’s break this down step by step.

---

**Step 1: Understanding the problem**
They want to split a **20% tip for the whole meal evenly** among the three of them.
That means:
- First, compute the total bill for food.
- Then compute the total tip (20% of total bill).
- Then split that total tip equally among Julie, Letitia, and Anton.

---

**Step 2: Total food cost**
Julie: $10
Letitia: $20
Anton: $30

Total food cost = \( 10 + 20 + 30 = 60 \) dollars.

---

**Step 3: Total tip**
Tip percentage = 20% of total food cost.
\( 20\% \times 60 = 0.20 \times 60 = 12 \) dollars total tip.

---

**Step 4: Splitting the tip evenly**
They split the $12 tip equally among 3 people:
\( 12 \div 3 = 4 \) dollars each.

---

**Step 5: Alternative interpretation check**
Sometimes people mistakenly think “split the tip evenly” means each pays tip proportional to their own food cost. But the problem explicitly says:
> split a 20% tip for the whole meal evenly

That means the **total tip** is divided equally, not proportionally to food ordered.
So each pays the same tip amount: $4.

---

**Step 6: Confidence**
I’m highly confident in this reasoning because:
- The total bill is unambiguous.
- The total tip is 20% of the total bill.
- “Split evenly” means equal division of the tip, not proportional division.

---

**THESIS CONCLUSION:** Julie pays $4 in tips, Letitia pays $4 in tips, Anton pays $4 in tips.","**SYNTHESIS APPROACH:**
The thesis provided a mathematically sound solution based on a literal reading of ""split evenly"" as equal division of the tip amount. The antithesis correctly identified that ""split evenly"" could be ambiguous in real-world contexts but acknowledged that the thesis interpretation is the most straightforward reading of the problem statement. I will retain the core mathematical approach from the thesis while incorporating the antithesis's insight about ambiguity by explicitly justifying why the equal-split interpretation is correct here.

**FINAL SOLUTION:**

**Step 1: Determine total food cost**
Julie: $10
Letitia: $20
Anton: $30
Total food cost = $10 + $20 + $30 = $60

**Step 2: Calculate total tip**
20% tip on total food cost = 0.20 × $60 = $12

**Step 3: Interpret ""split evenly""**
The phrase ""split a 20% tip for the whole meal evenly"" means the total tip amount ($12) is divided equally among the three people, not proportionally based on individual food costs. This is the most natural reading because:
- ""Evenly"" typically means ""equally"" in bill-splitting contexts
- The tip is calculated on the whole meal first, then split
- Proportional division would typically be described as ""each paying their fair share"" or similar wording

**Step 4: Divide tip equally**
$12 ÷ 3 = $4 per person

**Step 5: Final tip amounts**
Julie: $4
Letitia: $4
Anton: $4

**KEY IMPROVEMENTS:**
1. **Acknowledged ambiguity**: Unlike the thesis which dismissed alternative interpretations, I explicitly addressed why ""equal division"" is the correct interpretation here
2. **Clearer justification**: Provided specific reasoning for why ""split evenly"" means equal division of the tip amount
3. **Maintained mathematical precision**: Kept the correct calculations from the thesis while improving the explanatory framework

**CONFIDENCE ASSESSMENT:**
High confidence. The mathematical operations are unambiguous, and the interpretation of ""split evenly"" as equal division is the most reasonable reading of the problem statement. The antithesis correctly noted potential ambiguity but did not provide compelling evidence that an alternative interpretation was intended.

**FINAL ANSWER:**
#### Julie: $4, Letitia: $4, Anton: $4",False,2750.0,1734.0,
s2_tas_deepseek_k1_20251126_013817,gsm8k-3703,gsm8k,tas_k1,deepseek-chat,,1440,1240,False,,,6939,,,,"Let’s break this down carefully.

---

## **Step 1 – Understanding the setup**
- Garage has **12 floors**.
- Every **3rd floor** has a gate where drivers must show ID, taking **2 minutes** each time.
- Distance between floors: **800 feet**.
- Speed between floors: **10 feet/second**.

We start from the **top** (floor 12) and go to the **bottom** (floor 1).

---

## **Step 2 – Clarifying “every 3rd floor”**
If every 3rd floor has a gate, which floors are those?
Floors numbered: 12, 11, 10, …, 1.
Every 3rd floor starting from the top? Or every 3rd floor in the usual 3, 6, 9, 12 sense?

The problem says: “Every 3rd floor has a gate where drivers have to show ID.”
Usually, that means floors **3, 6, 9, 12** (multiples of 3).
But wait — we are going **from top to bottom**, so we pass floor 12 first? Actually, we start **at** floor 12.

If we start **at** floor 12, do we immediately show ID at floor 12 before moving? Or do we only show ID when **arriving** at a gate floor from above?

The natural reading:
- You start **on** floor 12.
- Floor 12 is a multiple of 3, so there is a gate there.
- So immediately at floor 12, you must spend 2 minutes showing ID before you begin descending.

Then, as you descend, you will encounter floor 9, floor 6, floor 3 — each time stopping for 2 minutes.

---

## **Step 3 – Number of gate stops**
Floors with gates: 12, 9, 6, 3.
That’s **4 stops**.

At each stop: 2 minutes = 120 seconds.
Total gate time = \( 4 \times 120 = 480 \) seconds.

---

## **Step 4 – Travel time between floors**
From floor 12 to floor 1, you travel **11 intervals** of 800 feet each.
Total travel distance = \( 11 \times 800 = 8800 \) feet.

Speed = 10 ft/s.
Travel time = \( \frac{8800}{10} = 880 \) seconds.

---

## **Step 5 – Do we stop at floor 1?**
Floor 1 is not a multiple of 3, so no stop there.

---

## **Step 6 – Total time**
Total time = travel time + gate time
= \( 880 + 480 = 1360 \) seconds.

---

## **Step 7 – Alternative interpretation check**
What if “every 3rd floor” means starting from floor 1: 1, 4, 7, 10? No, that’s every 3rd floor in sequence but not standard. Usually “every 3rd floor” means floors 3, 6, 9, 12.

What if we don’t stop at floor 12 at the start? But the problem says: “To get from one floor to the next, drivers have to drive 800 feet at 10 ft/s.” That’s between floors. Then “Every 3rd floor has a gate where drivers have to show ID, which takes two minutes.”

If you start **at** floor 12, and floor 12 has a gate, you must show ID before leaving floor 12. So yes, stop at 12.

If the intended reading is that you only stop when **arriving** at a gate floor **from above**, then from 12→11→10→9: arriving at 9, stop; then 8→7→6: stop at 6; then 5→4→3: stop at 3. That’s only 3 stops: floors 9, 6, 3.

But floor 12 also has a gate — if you start there, do you need to show ID to “exit” the floor? Possibly not — maybe the gate is when entering such a floor from below? But here we are going downward.

Actually, in a parking garage, the gate might be at the entrance to that floor’s parking area from the ramp. If you start parked on 12, you might not pass a gate until you leave 12 and enter 11? No — the gate is on floors 3, 6, 9, 12 — so you encounter it on 12 at the start.

Given typical math problems, they likely mean: count all multiples of 3 from 1 to 12: {3,6,9,12}. When traveling from 12 to 1, you will encounter gates at 12, 9, 6, 3. That’s 4 stops.

---

## **Step 8 – Confidence**
I’m **highly confident** on the travel time: 880 seconds.
I’m **fairly confident** on 4 stops (floors 12, 9, 6, 3).
Thus total = \( 880 + 4 \times 120 = 1360 \) seconds.

---

**THESIS CONCLUSION:** 1360","**SYNTHESIS APPROACH:**
I will integrate the mathematical precision of the thesis with the critical analysis of the antithesis. The thesis correctly calculated travel time but showed uncertainty about gate stops. The antithesis highlighted the ambiguity in interpreting ""every 3rd floor"" and whether the starting floor requires an ID check. I will resolve this ambiguity by adopting the most logical interpretation for a parking garage descent: gates are encountered when arriving at a gate floor during travel, not at the starting point unless specified otherwise. This leads to 3 stops instead of 4.

---

**FINAL SOLUTION:**

**Step 1 – Identify floors with gates**
""Every 3rd floor"" means floors that are multiples of 3: 3, 6, 9, 12.

**Step 2 – Determine stops during descent**
We start at floor 12 and end at floor 1.
- If we begin at floor 12, we are already there — no need to show ID to ""enter"" it.
- As we descend, we first encounter floor 11 (no gate), then floor 10 (no gate), then floor 9 (gate — stop for 2 minutes).
- Next: floor 8, floor 7, floor 6 (gate — stop).
- Then: floor 5, floor 4, floor 3 (gate — stop).
- Finally: floor 2, floor 1 (no gate).

Thus, stops occur at floors 9, 6, and 3 → **3 stops**.

**Step 3 – Calculate gate time**
Each stop: 2 minutes = 120 seconds.
Total gate time = \( 3 \times 120 = 360 \) seconds.

**Step 4 – Calculate travel time**
Floors 12 → 1: 11 intervals of 800 feet each.
Total distance = \( 11 \times 800 = 8800 \) feet.
Speed = 10 ft/s.
Travel time = \( \frac{8800}{10} = 880 \) seconds.

**Step 5 – Total time**
Total = travel time + gate time
= \( 880 + 360 = 1240 \) seconds.

---

**KEY IMPROVEMENTS:**
1. **Resolved gate ambiguity**: Adopted the interpretation that ID checks happen only when arriving at a gate floor during descent, not at the start.
2. **Justified assumption**: In a parking garage, starting at a floor doesn’t require showing ID to leave; gates control access between sections.
3. **Clearer reasoning**: Explicitly listed the descent sequence to show where stops occur.

**CONFIDENCE ASSESSMENT:**
High confidence. This interpretation aligns with common sense and typical problem contexts, and the calculations are straightforward.

**FINAL ANSWER:**
#### 1240",False,4333.0,2606.0,
s2_tas_deepseek_k1_20251127_153923,gsm8k-3082,gsm8k,tas_k1,deepseek-chat,,16,"**SYNTHESIS APPROACH:**
I will integrate the step-by-step clarity of the thesis with the deeper mathematical insights and robustness checks from the antithesis. Specifically, I will:
- Use the sequential approach for clarity but enhance it with a unified expression for verification.
- Address the potential ambiguity regarding Kyle’s shells by explicitly justifying the interpretation.
- Incorporate unit preservation and fractional relationship chains to validate the result.
- Add a sense-check to ensure the answer is contextually reasonable.

---

**FINAL SOLUTION:**

**Step 1: Convert Mimi’s shells to individual units.**
- Mimi picked 2 dozen seashells.
- Since 1 dozen = 12 shells, Mimi has:
  \[
  2 \times 12 = 24 \text{ shells}
  \]

**Step 2: Determine Kyle’s shells.**
- Kyle found twice as many shells as Mimi:
  \[
  2 \times 24 = 48 \text{ shells}
  \]
- The detail that Kyle “put them in his pocket” does not affect the quantity Leigh took, as Leigh grabbed from “the shells Kyle found” (not necessarily from his pocket).

**Step 3: Calculate Leigh’s shells.**
- Leigh took one-third of what Kyle found:
  \[
  \frac{1}{3} \times 48 = 16 \text{ shells}
  \]

**Verification Methods:**
1. **Unified Expression:**
   \[
   \frac{1}{3} \times (2 \times (2 \times 12)) = \frac{1}{3} \times 48 = 16
   \]
2. **Fractional Relationship Chain:**
   Leigh’s shells = \(\frac{1}{3} \times 2 \times \text{Mimi’s shells} = \frac{2}{3} \times 24 = 16\).
3. **Unit Preservation (dozens):**
   Mimi: 2 dozen → Kyle: \(2 \times 2 = 4\) dozen → Leigh: \(\frac{1}{3} \times 4 = \frac{4}{3}\) dozen = \(1 \tfrac{1}{3} \times 12 = 16\) shells.

**Sense-Check:**
Mimi has 24 shells, Kyle has 48, and Leigh has 16. Since 16 is \(\frac{2}{3}\) of Mimi’s total and \(\frac{1}{3}\) of Kyle’s, the proportions align logically with the problem’s relationships.

---

**KEY IMPROVEMENTS:**
1. **Explicit Interpretation:** Clarified that “shells Kyle found” refers to the total he collected (48), not a subset after pocketing.
2. **Robust Verification:** Used multiple independent methods (unified expression, proportional reasoning, unit preservation) to confirm the result.
3. **Contextual Plausibility:** Added a sense-check to ensure the answer fits the problem’s relationships.
4. **Clear Final Answer:** Stated the conclusion in context: “Leigh has 16 seashells.”

---

**CONFIDENCE ASSESSMENT:**
- **High Confidence** due to consistent results across multiple calculation methods, clear logical progression, and reasonable contextual interpretation.

---

**FINAL ANSWER:**
#### 16",False,,,4716,,,,"**Approach and Reasoning:**

I'll approach this problem by carefully breaking down the relationships between the characters and their shell counts. Since we're dealing with quantities that build upon each other, I'll work sequentially from Mimi to Kyle to Leigh.

**Step 1: Understanding Mimi's shells**
- Mimi picked up 2 dozen seashells
- 1 dozen = 12 shells
- Therefore, Mimi has: 2 × 12 = 24 shells

**Step 2: Determining Kyle's shells**
- Kyle found twice as many shells as Mimi
- If Mimi has 24 shells, then Kyle has: 2 × 24 = 48 shells
- The problem says Kyle ""put them in his pocket"" - this seems like descriptive detail rather than mathematically relevant information

**Step 3: Calculating Leigh's shells**
- Leigh grabbed one-third of the shells that Kyle found
- Kyle found 48 shells
- One-third of 48 is: 48 ÷ 3 = 16 shells

**Alternative approach verification:**
I could also think of this as a single chain of operations:
- Start with Mimi: 2 dozen = 24 shells
- Kyle: 2 × Mimi = 2 × 24 = 48 shells
- Leigh: (1/3) × Kyle = (1/3) × 48 = 16 shells

**Assumptions made:**
1. All shells mentioned are counted as whole shells (no fractions of shells)
2. The relationships are straightforward mathematical relationships (twice as many, one-third of)
3. The ""dozen"" conversion is exact (12 per dozen)
4. Leigh took shells from what Kyle found, not from what Kyle had after putting some in his pocket

**Confidence level:**
- I'm highly confident about the dozen conversion and basic arithmetic
- I'm confident about the sequential relationship interpretation
- The wording seems clear and unambiguous

**THESIS CONCLUSION:** 16","**SYNTHESIS APPROACH:**
I will integrate the step-by-step clarity of the thesis with the deeper mathematical insights and robustness checks from the antithesis. Specifically, I will:
- Use the sequential approach for clarity but enhance it with a unified expression for verification.
- Address the potential ambiguity regarding Kyle’s shells by explicitly justifying the interpretation.
- Incorporate unit preservation and fractional relationship chains to validate the result.
- Add a sense-check to ensure the answer is contextually reasonable.

---

**FINAL SOLUTION:**

**Step 1: Convert Mimi’s shells to individual units.**
- Mimi picked 2 dozen seashells.
- Since 1 dozen = 12 shells, Mimi has:
  \[
  2 \times 12 = 24 \text{ shells}
  \]

**Step 2: Determine Kyle’s shells.**
- Kyle found twice as many shells as Mimi:
  \[
  2 \times 24 = 48 \text{ shells}
  \]
- The detail that Kyle “put them in his pocket” does not affect the quantity Leigh took, as Leigh grabbed from “the shells Kyle found” (not necessarily from his pocket).

**Step 3: Calculate Leigh’s shells.**
- Leigh took one-third of what Kyle found:
  \[
  \frac{1}{3} \times 48 = 16 \text{ shells}
  \]

**Verification Methods:**
1. **Unified Expression:**
   \[
   \frac{1}{3} \times (2 \times (2 \times 12)) = \frac{1}{3} \times 48 = 16
   \]
2. **Fractional Relationship Chain:**
   Leigh’s shells = \(\frac{1}{3} \times 2 \times \text{Mimi’s shells} = \frac{2}{3} \times 24 = 16\).
3. **Unit Preservation (dozens):**
   Mimi: 2 dozen → Kyle: \(2 \times 2 = 4\) dozen → Leigh: \(\frac{1}{3} \times 4 = \frac{4}{3}\) dozen = \(1 \tfrac{1}{3} \times 12 = 16\) shells.

**Sense-Check:**
Mimi has 24 shells, Kyle has 48, and Leigh has 16. Since 16 is \(\frac{2}{3}\) of Mimi’s total and \(\frac{1}{3}\) of Kyle’s, the proportions align logically with the problem’s relationships.

---

**KEY IMPROVEMENTS:**
1. **Explicit Interpretation:** Clarified that “shells Kyle found” refers to the total he collected (48), not a subset after pocketing.
2. **Robust Verification:** Used multiple independent methods (unified expression, proportional reasoning, unit preservation) to confirm the result.
3. **Contextual Plausibility:** Added a sense-check to ensure the answer fits the problem’s relationships.
4. **Clear Final Answer:** Stated the conclusion in context: “Leigh has 16 seashells.”

---

**CONFIDENCE ASSESSMENT:**
- **High Confidence** due to consistent results across multiple calculation methods, clear logical progression, and reasonable contextual interpretation.

---

**FINAL ANSWER:**
#### 16",False,2744.0,1972.0,
s2_tas_deepseek_k1_20251127_153923,gsm8k-2184,gsm8k,tas_k1,deepseek-chat,,19,"**SYNTHESIS APPROACH:**
The thesis provided a correct algebraic solution, but the antithesis highlighted the need for explicit assumptions and verification steps. I will:
- Keep the core algebraic approach from the thesis
- Add explicit biological assumptions about leg counts
- Include a verification step for uniqueness and non-negativity
- Address the possibility of other pets by noting the problem's self-contained nature

---

**FINAL SOLUTION:**

**Step 1: Define variables and assumptions**
Let:
- \( C \) = number of cats
- \( S \) = number of snakes
- \( P \) = number of parrots
- \( D \) = number of dogs (given: \( D = 2 \))

**Assumptions:**
- These are the only pets Frankie has (problem implies completeness through the relationships and leg count)
- Biological leg counts: cats (4 legs), dogs (4 legs), snakes (0 legs), parrots (2 legs)

**Step 2: Translate relationships**
1. ""Six more snakes than cats"" → \( S = C + 6 \)
2. ""One less parrot than cats"" → \( P = C - 1 \)
3. ""Six of his pets have four legs"" → Four-legged pets = cats + dogs
   So: \( C + D = 6 \)

**Step 3: Solve for C**
Given \( D = 2 \):
\( C + 2 = 6 \) → \( C = 4 \)

**Step 4: Find other pets**
- \( S = C + 6 = 4 + 6 = 10 \)
- \( P = C - 1 = 4 - 1 = 3 \)

**Step 5: Verify constraints**
- Non-negativity: \( C = 4 > 0 \), \( P = 3 ≥ 0 \), \( S = 10 > 0 \), \( D = 2 > 0 \) ✅
- Four-legged pets: \( C + D = 4 + 2 = 6 \) ✅ matches given
- Relationships: \( S = 10 = C + 6 \) ✅, \( P = 3 = C - 1 \) ✅

**Step 6: Check uniqueness**
If \( C = 3 \): four-legged = \( 3 + 2 = 5 \) ❌
If \( C = 5 \): four-legged = \( 5 + 2 = 7 \) ❌
Only \( C = 4 \) satisfies all conditions.

**Step 7: Calculate total**
Total pets = \( C + S + P + D = 4 + 10 + 3 + 2 = 19 \)

---

**KEY IMPROVEMENTS:**
1. **Explicit assumptions** - Clearly stated biological leg counts and that these are all pets
2. **Verification of uniqueness** - Showed that \( C = 4 \) is the only valid solution
3. **Non-negativity check** - Confirmed all pet counts are positive integers
4. **Justified interpretation** - Explained why ""six of his pets have four legs"" means exactly six in this context

**CONFIDENCE ASSESSMENT:**
High confidence. The solution satisfies all given constraints, uses reasonable assumptions consistent with the problem context, and has been verified for uniqueness and consistency.

**FINAL ANSWER:**
#### 19",False,,,5260,,,,"Let’s break this down step by step.

---

**Step 1: Define variables**
Let:
- \( C \) = number of cats
- \( S \) = number of snakes
- \( P \) = number of parrots
- \( D \) = number of dogs (given: \( D = 2 \))

---

**Step 2: Translate the given relationships**
1. “Six more snakes than cats” → \( S = C + 6 \)
2. “One less parrot than cats” → \( P = C - 1 \)
3. “Six of his pets have four legs” → Four-legged pets are cats and dogs only (since snakes have no legs, parrots have 2 legs).
   So: \( C + D = 6 \)
   Given \( D = 2 \), \( C + 2 = 6 \) → \( C = 4 \)

---

**Step 3: Find other pets**
From \( C = 4 \):
- \( S = C + 6 = 4 + 6 = 10 \)
- \( P = C - 1 = 4 - 1 = 3 \)
- \( D = 2 \)

---

**Step 4: Total pets**
Total = \( C + S + P + D \)
= \( 4 + 10 + 3 + 2 \)
= \( 19 \)

---

**Step 5: Check consistency**
Four-legged pets: \( C + D = 4 + 2 = 6 \) ✅ matches “Six of his pets have four legs.”
Relationships: \( S = C + 6 \) ✅, \( P = C - 1 \) ✅.

---

**Step 6: Consider alternative interpretations**
Could “six of his pets have four legs” mean something else?
- If it meant “exactly six four-legged pets,” then \( C + D = 6 \) is correct.
- Could parrots or snakes be four-legged? No, biologically not.
- Could “pets” include other animals not mentioned? Possibly, but then the “six more snakes than cats” etc. would only be part of the total, and we wouldn’t know total four-legged pets without more info. But the problem seems self-contained: cats, snakes, parrots, dogs are the only pets, because “six of his pets have four legs” matches exactly \( C + D \).

So no contradictions.

---

**THESIS CONCLUSION:** 19","**SYNTHESIS APPROACH:**
The thesis provided a correct algebraic solution, but the antithesis highlighted the need for explicit assumptions and verification steps. I will:
- Keep the core algebraic approach from the thesis
- Add explicit biological assumptions about leg counts
- Include a verification step for uniqueness and non-negativity
- Address the possibility of other pets by noting the problem's self-contained nature

---

**FINAL SOLUTION:**

**Step 1: Define variables and assumptions**
Let:
- \( C \) = number of cats
- \( S \) = number of snakes
- \( P \) = number of parrots
- \( D \) = number of dogs (given: \( D = 2 \))

**Assumptions:**
- These are the only pets Frankie has (problem implies completeness through the relationships and leg count)
- Biological leg counts: cats (4 legs), dogs (4 legs), snakes (0 legs), parrots (2 legs)

**Step 2: Translate relationships**
1. ""Six more snakes than cats"" → \( S = C + 6 \)
2. ""One less parrot than cats"" → \( P = C - 1 \)
3. ""Six of his pets have four legs"" → Four-legged pets = cats + dogs
   So: \( C + D = 6 \)

**Step 3: Solve for C**
Given \( D = 2 \):
\( C + 2 = 6 \) → \( C = 4 \)

**Step 4: Find other pets**
- \( S = C + 6 = 4 + 6 = 10 \)
- \( P = C - 1 = 4 - 1 = 3 \)

**Step 5: Verify constraints**
- Non-negativity: \( C = 4 > 0 \), \( P = 3 ≥ 0 \), \( S = 10 > 0 \), \( D = 2 > 0 \) ✅
- Four-legged pets: \( C + D = 4 + 2 = 6 \) ✅ matches given
- Relationships: \( S = 10 = C + 6 \) ✅, \( P = 3 = C - 1 \) ✅

**Step 6: Check uniqueness**
If \( C = 3 \): four-legged = \( 3 + 2 = 5 \) ❌
If \( C = 5 \): four-legged = \( 5 + 2 = 7 \) ❌
Only \( C = 4 \) satisfies all conditions.

**Step 7: Calculate total**
Total pets = \( C + S + P + D = 4 + 10 + 3 + 2 = 19 \)

---

**KEY IMPROVEMENTS:**
1. **Explicit assumptions** - Clearly stated biological leg counts and that these are all pets
2. **Verification of uniqueness** - Showed that \( C = 4 \) is the only valid solution
3. **Non-negativity check** - Confirmed all pet counts are positive integers
4. **Justified interpretation** - Explained why ""six of his pets have four legs"" means exactly six in this context

**CONFIDENCE ASSESSMENT:**
High confidence. The solution satisfies all given constraints, uses reasonable assumptions consistent with the problem context, and has been verified for uniqueness and consistency.

**FINAL ANSWER:**
#### 19",False,3076.0,2184.0,
s2_tas_deepseek_k1_20251127_153923,gsm8k-5897,gsm8k,tas_k1,deepseek-chat,,196,"**SYNTHESIS APPROACH:**
The thesis provided a mathematically correct solution with clear step-by-step reasoning, while the antithesis identified minor inefficiencies in variable usage and suggested a more streamlined approach. I will integrate the thesis's accurate equation-solving with the antithesis's recommendation for minimal variables and explicit verification. This creates a solution that is both rigorous and efficient, emphasizing direct computation from the given fixed values.

---

**FINAL SOLUTION:**

**Step 1: Initial Collection**
Olaf starts with **150** toy cars.

**Step 2: Determine Gifts from Given Facts**
- **Auntie** gave 6 cars, which is 1 more than the uncle:
  \[
  \text{Uncle} = 6 - 1 = 5
  \]
- **Grandpa** gave twice as many as the uncle:
  \[
  \text{Grandpa} = 2 \times 5 = 10
  \]
- **Dad** gave 10 cars, which is 5 less than Mum:
  \[
  \text{Mum} = 10 + 5 = 15
  \]
- **Auntie** = 6 (already used above).

**Step 3: List All Gifts**
- Uncle: 5
- Grandpa: 10
- Dad: 10
- Mum: 15
- Auntie: 6

**Step 4: Total Gifts**
\[
5 + 10 + 10 + 15 + 6 = 46
\]

**Step 5: Total Cars After Gifts**
\[
150 + 46 = 196
\]

**Step 6: Explicit Verification**
- Grandpa (10) = 2 × Uncle (5) ✅
- Dad (10) = Mum (15) − 5 ✅
- Auntie (6) = Uncle (5) + 1 ✅
All conditions are satisfied.

---

**KEY IMPROVEMENTS:**
1. **Streamlined Variables:** Used only necessary computations without extra symbols for Dad and Mum after their values were fixed.
2. **Direct Computation:** Started from Auntie’s fixed gift to immediately determine Uncle’s gift, then derived others in a logical sequence.
3. **Explicit Verification:** Confirmed all relational constraints after computing gifts, ensuring robustness.

---

**CONFIDENCE ASSESSMENT:**
High confidence. The solution is straightforward, all conditions are explicitly verified, and no mathematical errors are present.

---

**FINAL ANSWER:**
#### 196",False,,,4903,,,,"Let’s break this down step-by-step.

---

**Step 1: Understanding the initial state**
Olaf starts with **150 cars**.

---

**Step 2: Representing the gifts**
Let’s define:
- Uncle’s gift = \( u \) cars
- Grandpa’s gift = \( g \) cars
- Dad’s gift = \( d \) cars
- Mum’s gift = \( m \) cars
- Auntie’s gift = \( a \) cars

---

**Step 3: Translating the conditions**

1. **Grandpa gave Olaf twice as many toy cars as the uncle**
\[
g = 2u
\]

2. **Dad gave Olaf 10 toy cars, 5 less than Mum**
\[
d = 10
\]
\[
d = m - 5 \quad \Rightarrow \quad 10 = m - 5 \quad \Rightarrow \quad m = 15
\]

3. **Auntie gave Olaf 6 toy cars, 1 more than the uncle**
\[
a = 6
\]
\[
a = u + 1 \quad \Rightarrow \quad 6 = u + 1 \quad \Rightarrow \quad u = 5
\]

---

**Step 4: Finding remaining unknowns**
From \( u = 5 \),
\[
g = 2u = 10
\]

So gifts are:
- Uncle: \( 5 \)
- Grandpa: \( 10 \)
- Dad: \( 10 \)
- Mum: \( 15 \)
- Auntie: \( 6 \)

---

**Step 5: Total gifts**
\[
5 + 10 + 10 + 15 + 6 = 46
\]

---

**Step 6: Total cars after gifts**
Initial: \( 150 \)
Add gifts: \( 150 + 46 = 196 \)

---

**Step 7: Cross-check for consistency**
All conditions are satisfied:
- Grandpa (10) = 2 × Uncle (5) ✅
- Dad (10) = Mum (15) − 5 ✅
- Auntie (6) = Uncle (5) + 1 ✅

No contradictions.

---

**THESIS CONCLUSION:** 196","**SYNTHESIS APPROACH:**
The thesis provided a mathematically correct solution with clear step-by-step reasoning, while the antithesis identified minor inefficiencies in variable usage and suggested a more streamlined approach. I will integrate the thesis's accurate equation-solving with the antithesis's recommendation for minimal variables and explicit verification. This creates a solution that is both rigorous and efficient, emphasizing direct computation from the given fixed values.

---

**FINAL SOLUTION:**

**Step 1: Initial Collection**
Olaf starts with **150** toy cars.

**Step 2: Determine Gifts from Given Facts**
- **Auntie** gave 6 cars, which is 1 more than the uncle:
  \[
  \text{Uncle} = 6 - 1 = 5
  \]
- **Grandpa** gave twice as many as the uncle:
  \[
  \text{Grandpa} = 2 \times 5 = 10
  \]
- **Dad** gave 10 cars, which is 5 less than Mum:
  \[
  \text{Mum} = 10 + 5 = 15
  \]
- **Auntie** = 6 (already used above).

**Step 3: List All Gifts**
- Uncle: 5
- Grandpa: 10
- Dad: 10
- Mum: 15
- Auntie: 6

**Step 4: Total Gifts**
\[
5 + 10 + 10 + 15 + 6 = 46
\]

**Step 5: Total Cars After Gifts**
\[
150 + 46 = 196
\]

**Step 6: Explicit Verification**
- Grandpa (10) = 2 × Uncle (5) ✅
- Dad (10) = Mum (15) − 5 ✅
- Auntie (6) = Uncle (5) + 1 ✅
All conditions are satisfied.

---

**KEY IMPROVEMENTS:**
1. **Streamlined Variables:** Used only necessary computations without extra symbols for Dad and Mum after their values were fixed.
2. **Direct Computation:** Started from Auntie’s fixed gift to immediately determine Uncle’s gift, then derived others in a logical sequence.
3. **Explicit Verification:** Confirmed all relational constraints after computing gifts, ensuring robustness.

---

**CONFIDENCE ASSESSMENT:**
High confidence. The solution is straightforward, all conditions are explicitly verified, and no mathematical errors are present.

---

**FINAL ANSWER:**
#### 196",False,3032.0,1871.0,
